website,overview,housing_provider,housing_services,case_management,case_management_duration,wrap_around_support,key_partners,financial_supporters
https://www.bethlehemhouse.org.au/,"Bethlehem House is a vital organization dedicated to providing compassionate transitional accommodation for individuals experiencing homelessness in Tasmania. Founded in 1972 by the St Vincent de Paul Society, Bethlehem House has evolved to become Tasmania's largest provider of crisis and transitional accommodation, operating continuously to serve the community's needs. The organization's mission is centered on offering quality crisis accommodation and excellent support services to those in need, with the vision of fostering a compassionate Tasmania that actively supports individuals experiencing homelessness.

Throughout its history, Bethlehem House has been instrumental in addressing the complex needs of the homeless population, adapting its services as those needs have changed over time. Initially serving as a simple overnight shelter for older men, the organization has expanded its offerings to include comprehensive support services that address mental health issues, substance abuse, employment readiness, and the overall reintegration of individuals back into society. This evolution signifies its commitment to not just providing shelter, but also to enabling individuals to regain their independence and dignity.

What distinguishes Bethlehem House from other organizations is its integrated approach. The organization not only focuses on providing shelter but also emphasizes long-term support, including case management and connection to various resources necessary for successful community reintegration. Such a holistic approach is crucial in effectively breaking the cycle of homelessness and promoting long-term stability for clients.

For additional information about their history and mission, please visit the [Our Story page](https://www.bethlehemhouse.org.au/our-story/).","Yes, Bethlehem House operates as a housing provider. The organization is primarily focused on addressing homelessness by offering various forms of accommodation tailored to meet the immediate and transitional needs of individuals. Housing is a crucial component of their broader mission, as it provides a foundational element for individuals experiencing homelessness to regain stability and work toward reintegration into the community.

The significance of housing within Bethlehem House's service offerings cannot be overstated. When individuals experience homelessness, the lack of safe housing exacerbates mental health issues, complicates employment prospects, and makes it challenging to access healthcare services. By providing housing, Bethlehem House not only meets a basic need but also creates a safe and supportive environment where residents can begin to rebuild their lives. 

For more details on their housing services, you can visit their [Accommodation page](https://www.bethlehemhouse.org.au/accommodation/).","Bethlehem House provides several types of housing services designed to accommodate the diverse needs of men experiencing homelessness. The organization offers crisis accommodation, which serves individuals in immediate need of shelter, and transitional accommodation, which supports those requiring more extended stays to address underlying issues and plan for the future.

1. **Crisis Accommodation**: This service is available to men facing homelessness or personal crises needing temporary housing. Clients can stay for up to 70 individuals at a time. The length of stay ranges from just one night to longer-term arrangements, depending on individual needs. This flexibility allows residents to receive immediate help while beginning to address the challenges they face.

2. **Transitional Accommodation**: After a needs assessment, residents can remain at Bethlehem House with support until they are ready to move on. The criteria for extended stays often involve the need for further assistance in securing permanent housing or addressing issues such as mental health and substance abuse.

Statistically, Bethlehem House is able to provide over 12,500 bed nights each year and serve over 30,000 meals to residents and individuals experiencing homelessness in the community. These figures illustrate the substantial impact and reach of their housing services.

To learn more about the specifics of their accommodation offerings, please refer to their [Accommodation details](https://www.bethlehemhouse.org.au/accommodation/).","Yes, Bethlehem House offers case management support as part of its comprehensive service model. This support is integral to assisting residents in navigating their individual challenges and working towards their goals of stability and reintegration into society. 

The scope of case management includes various supportive services such as:

- **Accessing Legal Services**: Helping residents understand their legal rights and information on legal aid.
- **Assisting with Medical and Mental Health Referrals**: Linking individuals to healthcare providers who can address their physical and mental health needs.
- **Financial Advisory Services**: This supports residents in financial planning and debt management, helping them develop sustainable financial habits.

The staff providing this support are qualified and experienced professionals dedicated to working with residents to establish individualized action plans aimed at achieving their goals. 

For more insights on their staffing and support services, you can visit their [Employment page](https://www.bethlehemhouse.org.au/employment/).","Bethlehem House's case management support is designed to be ongoing, which is critical for fostering long-term stability for residents. While initial engagement focuses on addressing immediate needs, such as obtaining shelter, the ongoing nature of the support helps individuals tackle complex and sometimes chronic issues.

For instance, ongoing support is delivered through regular check-ins, counseling sessions, and continuous collaboration with residents as they navigate various life challenges. This could include guiding them as they search for permanent housing or assisting them in accessing educational or employment opportunities. This consistent interaction and support are crucial during pivotal moments in a client's journey toward independence, making it more likely that they will succeed in stabilizing their lives in the long run.

For more details on the support services offered, please see their [Transition Support services](https://www.bethlehemhouse.org.au/accommodation/).","In addition to housing and case management, Bethlehem House provides various wrap-around support services designed to enhance residents' overall well-being. These services complement the housing programs by addressing areas critical to long-term stability and successful reintegration into the community.

Some of the additional support services include:

- **Medical and Mental Health Referrals**: Connecting clients with healthcare providers for ongoing physical and mental health care.
- **Counseling Services**: Offering specialist counseling to help residents cope with their experiences and work through personal issues.
- **Employment Readiness Programs**: Helping residents with skills training, resume building, and job searching to prepare them for the workforce.
- **Social Activities**: Facilitating ways for residents to form connections with peers, ultimately assisting in rebuilding community ties and friendships.

Bethlehem House collaborates with various organizations, including local health services and employment agencies, to provide a more integrated service approach. These partnerships enhance the resources available to residents, ensuring that they have access to comprehensive care and support during their transition out of homelessness.

To find out more about their wrap-around services, please refer to the [Accommodation services](https://www.bethlehemhouse.org.au/accommodation/).","Bethlehem House maintains key partnerships across government entities, charitable organizations, and corporate sponsors. These collaborations are essential for enhancing their capacity to serve the homeless community effectively. 

1. **Government Collaborations**: The organization receives partial funding from the Australian Government and the Tasmanian Government, ensuring operational sustainability and enabling them to expand their services.
   
2. **Non-Profit and Charitable Partnerships**: Collaboration with the St Vincent de Paul Society is fundamental, providing support and structure to the mission of Bethlehem House. This partnership facilitates outreach and volunteer engagement within the community.

3. **Corporate Sponsorships**: Generous contributions from local businesses and individuals help fund operational costs and specific programs aimed at improving the lives of residents. These partnerships often involve avenues for employee volunteering or in-kind donations that significantly benefit the organization.

These key allies not only provide funding but also collaborate on initiatives that align with the organization’s mission to create a supportive environment for those experiencing homelessness.

To learn more about their partnerships, you can visit the St Vincent de Paul Society’s website or check [Our Impact](https://www.bethlehemhouse.org.au/) for further insights into collaborative efforts.","Bethlehem House actively acknowledges its financial supporters, recognizing the crucial role that donations play in sustaining its operations and programs. The organization expresses gratitude to benefactors through various channels, including reports, newsletters, and on their website.

Financial contributions are significant as they directly support the daily operations of the facility, enabling the provision of meals, accommodations, case management, and other essential services to residents. The organization highlights specific campaigns and donor recognition efforts as part of their initiatives to encourage ongoing community support. The website specifically mentions that Bethlehem House is endorsed as a Deductible Gift Recipient, ensuring that donations over $2 are tax-deductible for supporters, which incentivizes charitable giving.

For further information on making a donation and understanding its impact, please visit their [Donation page](https://www.bethlehemhouse.org.au/donate/)."
https://hobartws.org.au/,"The Hobart Women’s Shelter (HWS) is the second-oldest operating women’s shelter in Australia, established in 1974. Its mission is to provide safe, emergency accommodation and support to women and children affected by family violence and those experiencing homelessness. HWS stands out because it not only offers shelter but also a range of support services designed to holistically address the complex needs of its clients. Their work is significant in the community as they provide a safe haven, advocacy, and connection to resources for some of the most vulnerable populations in Tasmania.

HWS’s unique approach is trauma-informed care, which prioritizes safety, trust, empowerment, choice, and collaboration. This ensures that the services offered are attuned to the specific emotional and psychological needs of women and children who have experienced trauma. This commitment to trauma-informed practice contrasts with other organizations that may not focus specifically on these principles. Moreover, HWS collaborates with various local, state, and federal agencies to influence policy and funding priorities, thereby enhancing its advocacy role within the broader community.

For more about their mission and what they do, you can visit their [Mission and Vision Page](https://hobartws.org.au/about/our-mission-and-vision/).","Yes, the Hobart Women's Shelter functions as a housing provider. Housing is integral to their broader mission, which encompasses providing a safe physical environment while also addressing the emotional and psychological well-being of women and children facing family violence or homelessness. The provision of emergency and medium-term accommodation is essential in breaking the cycle of violence and homelessness, allowing clients to rebuild their lives in a secure setting.

The organization recognizes that many women do not leave violent situations due to the fear of homelessness. By providing housing, HWS directly addresses this critical barrier, aiming to create pathways for women and children to lead independent and fulfilling lives. You can learn more about their housing programs on their site [here](https://hobartws.org.au/support/homelessness/).","Hobart Women's Shelter offers several types of housing services:

1. **Emergency Accommodation**: HWS provides immediate, safe refuge for women and children fleeing domestic violence. The shelter has 25 emergency units designed with security and comfort in mind. These units are furnished and equipped with essential items like bedding and toiletries. More information about their emergency services can be accessed [here](https://hobartws.org.au/support/homelessness/).

2. **Medium-Term Accommodation**: In addition to emergency services, HWS offers medium-term accommodation for families that can last up to two years. This is particularly crucial given the long-term housing crisis affecting women and children in Tasmania. 

3. **Offsite Family Units**: They maintain 7 larger family units offsite, which can accommodate families needing more space (4-5 bedroom units). This arrangement allows families to stay together while accessing the support they need.

HWS is committed to continual improvement and data collection to assess the effectiveness of its programs. A reported statistic is that between July 2020 and June 2024, 4,524 women and children sought shelter, but 8 out of 10 were turned away due to capacity limits, showcasing the pressing need for more accommodation solutions.","Yes, Hobart Women's Shelter provides extensive case management support as part of its service offerings. This support is crucial in helping clients navigate their paths to recovery and stability. The case management program includes assistance with securing longer-term housing, legal support, mental health referrals, family violence, financial counseling, and access to education and employment services.

The staff providing this support includes trained professionals with backgrounds in social work, nursing, community services, and other related fields. They are equipped with skills and experience to work compassionately with women and children, ensuring individualized care that recognizes the trauma they have encountered.

For more detailed insights into their support services, please visit their [Support Services Page](https://hobartws.org.au/support/support-services/).","Case management at Hobart Women's Shelter is largely ongoing rather than time-limited. The commitment to ongoing support reflects a recognition of the complexities women face after leaving violent situations. Regular case management meetings help track progress and adapt to changing needs as the circumstances of clients evolve. 

Examples of how ongoing support is operationalized include regular check-ins with clients, availability of a support worker to assist in accessing housing applications, legal documentation, and mental health resources. This ongoing support significantly contributes to clients’ long-term stability and allows them to build independence progressively.

For more information on their process, you can check their resources on ongoing support [here](https://hobartws.org.au/support/homelessness/).","In addition to housing and case management, Hobart Women’s Shelter offers a wide range of wrap-around support services. These complementary services include:

- **Therapeutic Programs**: Workshops focused on communal cooking, sports, art, and mindfulness are designed to promote well-being and self-esteem. 

- **Children's Programs**: School holiday activities and after-school programs provide educational support and recreational outlets for children living in the shelter.

- **Safety and Security**: The shelter prioritizes safety with secure units equipped with security cameras and staff presence 24/7.

HWS collaborates with various organizations to enhance services, including partnerships with mental health services, legal support, and welfare organizations. These partnerships ensure clients receive comprehensive care that addresses needs beyond immediate shelter. You can learn more about their partnerships and support services on their [Support Services Page](https://hobartws.org.au/support/support-services/).","Hobart Women’s Shelter has established critical partnerships with various entities across government, charity, and corporate sectors. Notable partners include:

- **Government Agencies**: HWS works with local and state governments to influence housing policy and funding for services that support women and children in crisis. 

- **Community Organizations**: They collaborate with charities focused on family violence and homelessness, creating a network of support that enhances the outreach and effectiveness of their services.

- **Corporate Supporters**: HWS has established relationships with businesses like Perpetual Limited, the Merridew Foundation, and others that provide financial and material support. These partnerships leverage shared goals of combating family violence and supporting women's housing needs.

These collaborations bolster HWS’s capability to deliver impactful solutions that align with its mission. To understand more about these partnerships, visit their [Support Page](https://hobartws.org.au/support/).","Hobart Women's Shelter actively acknowledges its financial supporters and emphasizes that contributions play a critical role in sustaining its services. They express gratitude for various forms of support via their website and newsletters and highlight how donations facilitate operational and strategic projects, such as building long-term homes. 

The organization offers campaigns encouraging financial contributions while assuring potential donors that all donations are tax-deductible. Whether through monetary donations or goods, supporters are made aware of their contributions’ direct impact on the lives of women and children. Specific donor recognition efforts include mentioning them in annual reports and on the website, ensuring that supporters feel valued. To explore donation options, including wills and bequests, you can visit their [Donate Page](https://hobartws.org.au/donate/)."
https://lws.org.au/,"Magnolia Place, also known as Launceston Women’s Shelter Inc., is a specialist homelessness service operating in Launceston, Tasmania. Established in 1975, it has a rich history marked by a commitment to supporting women and children escaping family violence and experiencing homelessness. Initially formed in response to community needs for a safe haven, Magnolia Place has evolved over nearly five decades into a vital resource addressing the multifaceted issues related to housing instability and domestic abuse.

The mission of Magnolia Place is to provide a secure environment where women and children can access short-term crisis accommodation. The organization is dedicated to raising awareness about the consequences of homelessness and family violence while advocating for a community free of these issues. It operates under specific values such as safety, respect, compassion, confidentiality, and empowerment. This focus on advocacy, along with its operational model, distinguishes Magnolia Place from other organizations, especially concerning its specialized support for vulnerable populations impacted by domestic violence and homelessness.

The work of Magnolia Place holds significant importance in the community, particularly in light of the increasing rates of family violence in Tasmania. By providing temporary accommodation and crucial support services, Magnolia Place offers immediate relief and longer-term pathways to stability. The shelter consists of 29 short-term, self-contained units that enable women and children to remain safe while they strategize steps towards securing permanent housing. The organization collaborates with various services through the Housing Connect system, allowing it to facilitate comprehensive support for its clients.

To understand more about their mission and offerings, visit their website: [Magnolia Place](https://lws.org.au/about-us).","Yes, Magnolia Place functions as a housing provider. Housing is at the core of its mission to support women and children facing homelessness and escaping situations of family violence. The provision of safe and secure housing is critical not only as an immediate necessity but also as a foundational element that allows individuals to stabilize their lives and seek additional support services, such as emotional and psychological counseling, legal aid, or employment opportunities.

The significance of housing within Magnolia Place's service offerings lies primarily in its ability to provide a safe refuge for those who have lost their sense of security — the feeling that one can live without fear. Ensuring that clients have a safe place to stay while they navigate the challenging process of transitioning to permanent housing reinforces the organization's goal to empower women and enhance their quality of life. The accommodation is a critical first step in their recovery and rebuilding process, thus intertwining housing with the overall objectives of safety and long-term stability.","Magnolia Place provides several types of housing services, primarily focused on short-term crisis accommodation. This involves a few key programs designed for specific demographics:

1. **Crisis Accommodation**: The primary offering is short-term crisis accommodation for women and their children who are escaping family violence or are at risk of homelessness. Clients can access one of the 29 self-contained units that serve as temporary housing solutions. This setup provides a safe environment while clients explore longer-term options.

   - **Target Demographic**: Primarily women and children. Statistics indicate that many families require this service due to incidents of family violence, which is often a hidden driver of homelessness.

2. **Supported Accommodation**: In collaboration with the Housing Connect system, Magnolia Place engages with various services to provide supported accommodation that aids clients in their transition to stable, long-term housing. This includes connection with social housing or affordable private rentals.

   - **Target Demographic**: This program caters to low-income individuals, particularly those at risk of homelessness or currently experiencing it.

Magnolia Place studies client outcomes and participation in these programs, focusing on securing a permanent residence for them. The impact on clients is significant, with many achieving a sense of stability after their stay. For detailed statistics and outcomes related to these programs, further specific studies may be available through collaborative partners outlined on their website: [Housing Support](https://lws.org.au/support/homelessness).","Yes, Magnolia Place offers case management support as an integral component of their services. The case management support is designed to provide personalized assistance to clients during their stay at the shelter. This includes:

- **Scope of Support**: The team provides practical and emotional support, advocacy, information, and referrals tailored to individual client needs. They work closely with clients to help them navigate their circumstances and access additional resources during and after their stay.

- **Programs Offering Case Management**: All clients accessing the shelter benefit from case management services. Support workers at Magnolia Place focus on assisting women in identifying their needs, setting goals, and developing action plans. They also help clients with inter-agency referrals, including legal aid or mental health services.

- **Staff Qualifications**: Magnolia Place employs specially trained women’s support workers and family support workers. These staff members often have qualifications in social work, counseling, or related fields, enabling them to address the complex emotional and practical needs of their clients effectively.

For more information about their specific case management services, you can visit their website: [Magnolia Place Support](https://lws.org.au/support).","The case management provided by Magnolia Place is generally ongoing, meaning it extends for as long as is necessary during the client's stay at the shelter and can sometimes continue post-discharge. Examples of how ongoing support is offered include:

- **Regular Check-ins**: Support workers meet with clients regularly to discuss progress, challenges, and any new needs that may arise. This allows for continuous assessment and a tailored approach to each individual's situation.

- **Connection to Resources**: Staff assist clients in accessing long-term housing solutions, applying for social services, and connecting with educational or job training programs. They play a critical role in ensuring that clients maintain productive lives post-crisis.

The impact of this ongoing support is substantial, as it not only helps clients achieve immediate goals—such as obtaining stable housing—but also equips them with skills and resources necessary for long-term stability and self-sufficiency. The safety net provided by ongoing case management contributes significantly to the emotional and practical well-being of the clients, helping them rebuild their lives after experiencing trauma.","In addition to housing and case management, Magnolia Place offers various wrap-around support services that enhance clients’ well-being and increase their chances of successful transition to permanent housing. Key forms of support include:

- **Counseling Services**: Clients can access counseling for emotional and psychological support, which addresses trauma and assists in improving mental health.
  
- **Family Support Programs**: These initiatives cater to children in residence, providing playgroups, therapeutic activities, and support for behavioral issues, helping to address the impact of trauma on their development.

- **Legal Aid Resources**: Women can receive referrals to legal services that help them navigate issues related to family law or protection orders.

These services work synergistically to ensure that clients have comprehensive support as they engage with their housing programs. Partnerships with organizations such as the Family Violence Response Line and Women’s Legal Service enable Magnolia Place to enhance its offerings and provide a more profound level of assistance to clients confronting compounded challenges like family violence. You can learn more about their supportive partnerships by visiting their site: [Magnolia Place Partnership](https://lws.org.au/support).","Magnolia Place has established key partnerships with both government and non-profit organizations that enhance its ability to serve women and families facing homelessness and family violence. Some of the notable partnerships include:

- **Homes Tasmania**: This government entity funds Magnolia Place as part of its commitment to address housing needs in the state, illustrating a direct link between government support and the organization’s operations.

- **Collaborative Services Through Housing Connect**: Magnolia Place is integrated within the Housing Connect framework, working alongside organizations such as Anglicare and Colony 47. These partners provide initial assessment and referrals, which are essential for guiding clients to appropriate housing assistance.

- **Family Violence Response Team (VSRT)**: This police team works closely with Magnolia Place to ensure the safety of clients, providing referrals and support tailored to individuals escaping violent circumstances.

These partnerships are critical because they provide Magnolia Place not only the funding but also the strategic framework and resources necessary to meet the complex needs of its clients. Each partnership aligns with Magnolia Place's mission by fostering a holistic approach to tackling homelessness and family violence, thus magnifying their impact within the community.","Yes, Magnolia Place acknowledges its financial supporters, which is essential both for transparency and for fostering continued community support. They express gratitude through various means, such as:

- **Public Acknowledgment and Reporting**: The organization often shares its funding sources and supporter impact in public reports, newsletter updates, and on their official website, illustrating how these contributions directly support clients.

- **Campaigns and Fundraising Initiatives**: Magnolia Place engages in campaigns to attract donations, which may include targeted requests for funding to support specific programs or services. They emphasize their Deductible Gift Recipient Status, ensuring that donors understand their contributions are tax-deductible.

- **Events**: Anniversaries and significant milestones, like the 40th anniversary held in 2015, include tributes to supporters who have played roles in sustaining the organization over the years.

These efforts not only honor contributors but also demonstrate the tangible impact of their financial support on programs that assist vulnerable populations. For more insights on their financial contributions and support initiatives, refer to their donations page: [Magnolia Place Donations](https://lws.org.au/donations)."
https://sheltertas.org.au/,"ShelterTas is a prominent organization in Tasmania dedicated to advocating for and facilitating access to safe and affordable housing. Founded with the vision of addressing homelessness and housing insecurity, its mission centers on promoting social justice and ensuring that every individual has access to secure housing. ShelterTas is particularly focused on influencing policy and raising awareness about the housing challenges faced by vulnerable populations in Tasmania. Its work is significant as it not only provides essential services, but it also serves as an advocacy body that pushes for systemic change in the housing sector. What distinguishes ShelterTas from other organizations is its comprehensive approach that combines direct service delivery with robust advocacy and collaboration with community partners.

The organization's key areas of focus include social housing initiatives, educational programs about renting, and engagement with community stakeholders to develop solutions to homelessness. With a commitment to evidence-based practices, ShelterTas produces reports and evaluates the impact of its initiatives, which further informs public discourse and policy decisions. You can learn more about ShelterTas and its vision on their [About Page](https://sheltertas.org.au/about-shelter/).","Yes, ShelterTas functions as a housing provider. Housing is integral to its broader mission as it addresses the root causes of homelessness and housing instability. The organization recognizes that suitable housing is foundational for individuals and families to achieve stability and improve their overall quality of life. In their service offerings, ShelterTas emphasizes the importance of providing not only housing but also the support necessary to maintain it, thereby facilitating long-term independence and well-being for those they serve. The comprehensive nature of their housing services aligns with their commitment to advocacy, ensuring that clients have not just a roof over their heads but also the resources required to thrive.","ShelterTas provides various types of housing services, including temporary accommodation, crisis intervention, and long-term housing solutions. Each of these services caters to different demographic groups facing unique challenges.

1. **Temporary Accommodation:** This program aims to provide short-term housing for individuals and families in need of immediate assistance. The services are especially targeted towards those experiencing homelessness due to sudden life changes, such as job loss or domestic violence.

2. **Crisis Housing:** Crisis services are tailored for those who find themselves in dire situations, such as eviction or unsafe living conditions. ShelterTas works to stabilize these clients by providing immediate shelter and connecting them with necessary resources. This program often tracks outcomes related to client safety and stability post-crisis.

3. **Long-Term Housing Solutions:** ShelterTas advocates for sustainable housing solutions, often working with government and private entities to secure affordable housing options for low-income individuals and families. This program focuses on transitioning clients out of homelessness into permanent housing.

Statistics regarding the success rates of these programs, such as the percentage of clients who move into stable housing post intervention, are typically gathered and reported through their evaluations, which can be accessed on their [Evaluations Page](https://sheltertas.org.au/evaluations/).","ShelterTas does offer case management support as part of its services. Their case management approach is designed to help clients navigate the complexities of accessing housing and support services. This support includes personalized assistance in creating housing plans, connecting clients with welfare services, and providing ongoing support throughout their transition into stable housing.

Staff providing this case management support typically include qualified social workers and trained case managers who specialize in housing stability and social support. Their roles involve assessing client needs, facilitating access to additional services, and monitoring clients’ progress over time.","The case management offered by ShelterTas is generally ongoing, which is essential for promoting long-term stability for clients. Ongoing support includes regular check-ins, assistance with navigating legal or financial hurdles, and connecting clients to job training programs or health services. This level of sustained engagement significantly enhances clients' capacities to maintain their housing. For instance, clients may receive career counseling that leads to employment, which in turn helps them afford rent and achieve a greater sense of independence.","In addition to housing and case management, ShelterTas provides wrap-around support services aimed at ensuring holistic client well-being. These may include financial literacy training, mental health resources, and assistance with accessing health services. These services complement their housing programs by addressing underlying issues such as poverty, mental health struggles, and social isolation.

ShelterTas collaborates with various organizations, including local health services and employment agencies, to enrich the services they offer. These partnerships enhance the support network available to clients, thereby improving their chances for a successful transition out of homelessness.","ShelterTas engages with key partners from various sectors, including government agencies, non-profit organizations, and corporate sponsors. These partnerships help amplify the organization's efforts and provide additional resources. For instance, local government bodies may collaborate on policy advocacy or fund specific housing projects, while corporate sponsors often support fundraising events or provide in-kind donations.

Partners contribute in different ways, whether through funding, resources, or expertise in specific areas relevant to housing and homelessness. Aligning with these partners allows ShelterTas to strengthen its mission and expand its reach within the community.","ShelterTas does acknowledge its financial supporters, recognizing the crucial role that donations and grants play in sustaining its programs. The organization often highlights the impact of these contributions through campaigns and donor recognition efforts. For example, they may feature stories of success that illustrate how donations have made a difference in the lives of individuals and families in need.

By showcasing the results of their financial supporters' contributions, ShelterTas fosters transparency and community engagement. More information about their funding and support can be explored on their [Media Releases Page](https://sheltertas.org.au/media-releases/), where they celebrate achievements and express gratitude to their contributors."
https://backpackbed.org/au/,"**Overview of the Organization:**

Backpack Bed for Homeless Australia, operating under the registered charity Swags for Homeless Ltd, was established in 2007 by Tony and Lisa Clark in Melbourne, Australia. Its founding was rooted in the urgent need to provide aid to homeless individuals who often lack adequate shelter, warmth, and dignity. The organization’s mission is to save lives and improve the living conditions of street-sleeping homeless people by offering practical solutions like the Backpack Bed and the Sleeping Bag Hypothermia Pack.

At its core, the organization operates under the principle that dignity is a human right. They focus on providing a portable, all-weather emergency bed that can also double as a backpack for storing belongings. Their products are designed to meet international safety and quality standards, ensuring they are effective in protecting users from harsh weather conditions.

The significance of Backpack Bed for Homeless in the community cannot be overstated—over **122,494 Australians** are reported to be homeless on any given day, with **45,800** sleeping rough each year. This crisis is highlighted by substantial statistics, like the **21%** of street-sleeping homeless individuals suffering from hypothermia or frostbite. Furthermore, organizations like the Australian Human Rights Commission have recognized their efforts, awarding them the **Australian Human Rights Award for Best Community Organisation**. Their initiatives have also been implemented in various countries, demonstrating the global need for similar support systems ([About Us](https://backpackbed.org/au/about-us/)).

Unique aspects of Backpack Bed for Homeless include its focus on environmentally sustainable practices, consistent advocacy for policy change regarding homelessness, and its innovative products that combine convenience with life-saving functionality. They rely heavily on community contributions and partnerships with over **1,000** homeless service agencies to distribute their products, fostering a collaborative approach to addressing homelessness.","**Housing Provider Role:**

Yes, Backpack Bed for Homeless functions as a housing provider, though not in the traditional sense of providing permanent housing. Instead, they focus on short-term emergency solutions designed to provide immediate relief to those without shelter. Their broader mission entails ensuring dignity, safety, and health for homeless individuals by distributing Backpack Beds and Sleeping Bag Hypothermia Packs to provide not just physical shelter but also a sense of security and respect during vulnerable situations.

Housing plays a crucial role in their service offerings, as the immediate need for protection from the elements can significantly impact a homeless person's health and well-being. By offering products that serve as both a bed and a means to carry personal belongings, they address both physical and emotional needs, thereby contributing to a stable transitional state where individuals can work towards more permanent housing solutions.","**Types of Housing Services:**

The primary services offered by Backpack Bed for Homeless include:

1. **Backpack Beds**: Lightweight, portable beds designed for individuals sleeping outdoors. They cost **$115** each and are made to withstand all weather conditions while providing safety and comfort.
  
   - **Target Demographic**: Street-sleeping homeless individuals.
   - **Outcomes**: Each Backpack Bed provides an estimated **$3,319** in savings to the community through reduced healthcare and law enforcement costs as shown by an independent third-party study.

2. **Sleeping Bag Hypothermia Packs**: These packs include a fire-retardant sleeping bag and a mylar blanket for warmth, designed to help prevent illnesses caused by exposure to cold weather.

   - **Cost**: A Sleeping Bag costs **$35**, covering sourcing and distribution.
   - **Target Demographic**: Similarly, this service targets homeless individuals, especially during colder months.
   - **Outcomes**: These services prevent the risk of hypothermia and related health issues and have been reported to make significant differences in the lives of recipients.

Statistics from the organization indicate they have distributed over **37,000 Backpack Beds**, providing **4 million** nights of dignified sleep ([How We Operate](https://backpackbed.org/au/how-we-operate/)).","**Case Management Support:**

While Backpack Bed for Homeless does not explicitly list standalone case management support within its services, it does functionally provide case management through its connections to over **1,000 homeless agencies**. The organization collaborates with these local agencies to ensure that individuals receive not only their immediate needs met but also ongoing support towards reintegration into stable housing and community life.

These partner agencies often provide a comprehensive approach, addressing issues such as mental health services, job training, or access to healthcare. This collaborative framework essentially acts as a case management system, linking clients to holistic support services available in their local communities. Each Backpack Bed distributed is accompanied by a survey to gather data on the recipient's situation, further connecting them with needed services.","**Time-Limited vs. Ongoing Case Management:**

Given the operational structure of Backpack Bed, the support for clients appears to be more immediate and transitional rather than long-term from the charity's perspective. That said, their partnerships with local agencies can provide ongoing support depending on the needs and circumstances of the individuals after receiving a Backpack Bed or Sleeping Bag. 

For instance, after receiving these emergency products, recipients are often connected to programs that facilitate access to permanent housing solutions, healthcare, and mental health assistance. Therefore, while Backpack Bed may not directly provide ongoing case management, it facilitates connections to the necessary services that play a vital role in clients' long-term stability and well-being.","**Wrap-Around Support Services:**

In addition to housing solutions, Backpack Bed for Homeless offers several wrap-around support services through its partnerships with local agencies:

- **Outreach Services**: These agencies often include street outreach teams that connect with homeless individuals where they are and facilitate access to services.
  
- **Healthcare Access**: Collaborations include organizations providing mental health and primary healthcare services to the homeless population.
  
- **Food and Nutrition Programs**: Partner agencies often run soup kitchens and food banks that offer immediate food relief.
  
- **Crisis Accommodation**: For individuals needing temporary shelter, they refer clients to safe accommodations.

The collective impact of these services forms a strong network that aids homeless individuals in addressing a variety of challenges, from immediate survival needs to pathways out of homelessness ([Get Help](https://backpackbed.org.au/get-help/)).","**Key Partners:**

Backpack Bed for Homeless collaborates with numerous key partners across different sectors:

1. **Government Partnerships**: Although not government-funded, they work with various governmental agencies to align their missions and gain community support.
  
2. **Charitable Organizations**: They partner with agencies like The Salvation Army, St Vincent de Paul, Orange Sky, and over **1,000** local organizations, which help distribute their products and provide additional services to the homeless.

3. **Corporate Engagements**: The organization seeks corporate partners for financial support and corporate social responsibility initiatives. This includes initiatives where real estate agents donate Backpack Beds or Sleeping Bags with every property sold ([Become a Partner](https://backpackbed.org.au/become-a-partner-homeless-agency/)).

4. **University Collaborations**: Engage with academia for research purposes, such as the analysis performed by **180 Degrees Consulting** on the social impact of their programs.

Through these partnerships, Backpack Bed not only amplifies its reach but also enhances the quality and variety of support services available to struggling homeless individuals in the community ([Our Supporters](https://backpackbed.org/au/our-supporters/)).","**Financial Supporters and Acknowledgment:**

Backpack Bed for Homeless actively discusses and acknowledges its various financial supporters. Donations over **$2** are tax-deductible in Australia, and they pride themselves on being independent of government funding, relying solely on community contributions. The organization frequently shares the impact of these financial contributions on their services, stating that a **$115 donation** delivers a Backpack Bed, while **$35** provides a Sleeping Bag ([Donate Online](https://backpackbed.org/au/donate-online/)).

Specific campaigns and acknowledgment methods include:

- **Direct Campaign Messaging**: Highlighting the effects of donations in communications, emphasizing that contributions directly support staff operations and product distribution.
  
- **Annual Reports**: They issue reports detailing how the funds were utilized and the outcomes achieved from donations.

- **Corporate Partnerships**: Organizations partnering with Backpack Bed are recognized on their website and may receive joint branding opportunities to promote the impact of their donations ([Corporate Donations and Partnerships](https://backpackbed.org.au/corporate_donation/)).

Backpack Bed for Homeless’s commitment to transparency and accountability helps build trust with supporters and encourages more significant contributions to aid the homeless population throughout Australia."
https://www.strikeitout.com/,"Strike It Out Inc is an Australian non-profit organization that has been operating for four years with a mission to empower individuals experiencing homelessness and hardship in the community. This organization takes a non-religious stance and focuses on the idea that collective community efforts can lead to substantial positive changes in society. The primary mission of Strike It Out is to provide support and resources that allow individuals to regain their self-worth and facilitate their journey toward stability and independence.

The organization has established programs primarily addressing homelessness, with a significant focus on implementing a Housing First policy similar to that which has been successful in Finland. The organization's unique approach aims to offer not just shelter but also resources and support that address the root causes of homelessness, effectively helping people move forward. Strike It Out Inc emphasizes community collaboration and offers innovative crisis solutions, which sets it apart from traditional services by advocating for dignity, respect, and sustainability in the assistance provided. For further details about their mission and work, you can visit their [About Us page](https://www.strikeitout.com/about).","Yes, Strike It Out Inc functions as a housing provider, focusing particularly on the aspect of emergency accommodation. Housing is a crucial component of their overarching mission to combat homelessness and support individuals in crisis. By providing temporary and safe places for those in distress, the organization facilitates stability and a foundation upon which individuals can build their lives. This aligns with their belief that everyone deserves a safe place to sleep, showcasing the importance of housing as the first step in a comprehensive support strategy.","Strike It Out Inc provides various types of housing services, particularly short-term emergency accommodation on a case-by-case basis. This aspect of their services is designed to provide immediate respite for individuals who find themselves in dire situations, enabling them to regroup and strategize their next steps toward stability. Furthermore, they are in the process of advancing their Sleeping Pod Project, which aims to set up mobile sleeping pods to extend their capacity for emergency accommodation. This innovative initiative seeks to provide additional beds in a community hit by high demand for shelter.

In detail, the types of housing services include:
- **Emergency Accommodation:** Offered on an as-needed basis, this service ensures that individuals facing homelessness have a place to stay while transitioning back to stable living conditions.
- **Sleeping Pod Project:** This initiative is currently underway and aims to provide secure sleeping accommodations. They have secured some funding and are actively seeking additional support to complete this project.

The target demographic primarily includes homeless individuals and families in crisis. The overarching goal is to provide these individuals with immediate support, fostering a pathway back to their independence. The organization collects feedback, although specific statistical outcomes were not detailed within the text, indicating an ongoing commitment to evaluate and enhance their impact.","Yes, Strike It Out Inc does offer case management support as part of their services. The scope of this support includes helping individuals navigate the various services they may require, assisting in accessing resources for housing, employment, medication, and social services. The case management programs are designed to be holistic, connecting clients to community resources and ensuring they receive consistent support throughout their journey.

The staff involved in case management are likely to be trained volunteers or workers who hold specific qualifications and adhere to the organization’s ethos of respect and dignity. While the text does not specify individual roles, case workers typically possess backgrounds in social services or community outreach.","The case management support provided by Strike It Out Inc is often time-limited; however, it can be ongoing depending on the client's needs. For ongoing support, personnel typically engage with clients on a regular basis, scheduling check-ins and facilitating their connection to long-term resources. This might involve collaborative actions with other organizations such as hospitals, community correction services, and various shelters, ensuring that clients have continuous access to the necessary services to maintain their stability. 

For example, clients may receive follow-ups to track progress, adjustments in their plans based on changing needs, or to provide encouragement and motivation. This level of ongoing engagement contributes significantly to their overall long-term stability and success, helping to reduce recidivism in homelessness.","In addition to housing and case management, Strike It Out Inc provides various wrap-around services that enhance client support and overall well-being. These services include:
- **Regular Meals:** Offering meals twice a week helps address immediate food insecurity and establishes a connection point for outreach.
- **Outreach Services:** The organization conducts outreach to those sleeping rough, delivering hot meals and essential supplies directly to clients.
- **Emergency Supplies:** Responding to immediate needs, the organization provides essential items such as food and personal care products.

These complementary services not only support their housing programs but also help create a stable environment where individuals feel cared for and engaged. Partnerships with organizations like the Tasmanian Police and local emergency departments play a crucial role in ensuring clients receive the holistic support they need. Such collaborations facilitate a comprehensive response to homelessness, benefitting those served.","Strike It Out Inc has established key partnerships with various stakeholders in government, charity, and corporate sectors. These partnerships are essential in expanding their reach and improving the impact of their programs. For instance, collaborations with the Tasmanian Eye Institute facilitate medical support, while local businesses contribute food and financial resources that underpin their meal programs. Notably, JJ's Bakery of Launceston plays a pivotal role by donating leftover bakery items, significantly contributing to their food packages for the community.

These partnerships function by pooling resources, sharing expertise, and aligning goals towards the common mission of alleviating homelessness and hardship. Each partner contributes distinct value, whether through financial support, in-kind donations, or service delivery, showing a well-integrated network enhancing Strike It Out's capabilities.","Strike It Out Inc does acknowledge its financial supporters, recognizing their vital contributions to sustaining the organization’s programs and services. This acknowledgment can be seen in their donation campaigns that encourage community involvement, as well as expressions of gratitude for past contributions. They emphasize that every financial contribution is tax-deductible, further inviting businesses and individuals to participate in their initiatives.

The impact of financial contributions manifests in the direct operations of their housing and support programs. For example, they have raised funds towards their Sleeping Pod Project, showcasing transparency regarding where funding is allocated. They actively encourage ongoing financial support through their [Donate page](https://www.strikeitout.com/donate), reflecting a commitment to ensuring all contributions go toward improving their service offerings and enhancing community support mechanisms. 

In summary, Strike It Out Inc stands out as a robust nonprofit entity, addressing homelessness through innovative housing strategies, community collaboration, and a focus on long-term stability for vulnerable populations."
https://hobartcitymission.org.au/,"Hobart City Mission (HCM) is a notable charity based in Tasmania, Australia, established in 1852 as the first city mission in Australia and the third oldest mission in the world. The organization's inception was driven by the need for social support during a period characterized by poverty and social issues in Hobart, which escalated due to the rise of the whale and gold industries. The mission operates under a non-denominational model, emphasizing inclusivity and community support, as its founders sought to replicate the success of the London City Mission.

HCM's mission is to bring together people in need with those willing to help, providing holistic services to empower individuals and families. It offers various programs focusing on client-centered assistance, including emergency relief, family and housing support, mental health services, disability services, and more, aiming to enhance community well-being and resilience. Some of the organization's core values include honesty, respect, teamwork, innovation, passion, and legacy. These principles guide HCM's approach to serving vulnerable populations, ensuring their dignity, purpose, and self-reliance.

One distinguishing factor of Hobart City Mission is its extensive community outreach and adaptive programming, which includes initiatives tailored to specific demographics, such as young mothers in the Small Steps program and single fathers in the DIY Dads program. HCM also benefits from robust partnerships with various community organizations, government bodies, and corporate sponsors, enabling it to expand its reach and enhance service delivery.

The significance of HCM’s work lies in addressing urgent social issues in Tasmania, including homelessness and poverty. It not only provides immediate assistance but also focuses on long-term solutions that help clients develop skills necessary for independent living. As stated on the official website, ""Hobart City Mission meets people facing hardship and homelessness where they are, when help is most needed,"" which encapsulates its proactive approach to social service.

For more information about the organization's history and specific initiatives, you can visit their about page at [Hobart City Mission About Us](https://hobartcitymission.org.au/about-us/).","Yes, Hobart City Mission functions as a housing provider. Housing is intertwined with its broader mission of supporting vulnerable individuals and families. Recognizing that stable housing is a crucial foundation for overall well-being, HCM offers various housing programs aimed at preventing and addressing homelessness in Southern Tasmania. The importance of housing within their service offerings is pivotal, as it provides not just shelter but also a gateway for clients to access additional support services, such as financial assistance, mental health counseling, and parenting skills development.

HCM’s housing initiatives, like the Safe Space and Mountain View programs, are especially significant in addressing the immediate needs of people experiencing homelessness while simultaneously working towards their long-term stability and independence. These programs allow individuals and families a safe place to stay while they work on obtaining permanent housing solutions.","HCM provides various types of housing services, including:

1. **Safe Space Program**: 
   - Target: Individuals experiencing homelessness or at risk of homelessness.
   - Description: This 24-hour service offers emergency accommodation in Hobart, which has provided over 11,878 bed nights to more than 1,100 individuals. This program operates with a Day Space available for anyone needing connection and services and a Night Space for those sleeping rough, accessible via referrals from Housing Connect.
   - Outcome: The Safe Space program has been instrumental in delivering immediate relief and supporting individuals towards more stable housing solutions. For more details about Safe Space, visit [Safe Space](https://hobartcitymission.org.au/safe-spaces/).

2. **Mountain View Program**: 
   - Target: People who are experiencing homelessness and those who have been on the Housing Tasmania priority waitlist.
   - Description: Mountain View consists of 32 supported housing units that offer a stable environment and necessary support to individuals transitioning from homelessness. Residents receive meals, support from staff, and the opportunity to develop independent living skills.
   - Outcome: This program aims to not only provide housing but also empower residents with the skills needed to live independently, with many residents having previously faced long-term homelessness. More information is available at [Mountain View](https://hobartcitymission.org.au/mountain-view/).

3. **Small Steps Program**:
   - Target: Teenage mothers under 25 and their infants.
   - Description: This program offers supported accommodation for up to two years for young mothers who are at risk of losing their children due to housing instability. The young mothers learn essential life skills and parenting strategies.
   - Outcome: Since its launch, Small Steps has aided over 91 young mothers, enabling many to transition successfully into independent living and retain custody of their children. For detailed insights, see [Small Steps](https://hobartcitymission.org.au/small-steps/).

4. **DIY Dads Program**:
   - Target: Single fathers who are homeless or at risk of homelessness.
   - Description: Providing self-contained units for dads with either full or part care of their children, this program helps break down barriers faced by single fathers in obtaining stable accommodation.
   - Outcome: With a wider social purpose, this initiative effectively aims to keep fathers connected to their children, receiving practical support skills for independent community living. More information can be found at [DIY Dads](https://hobartcitymission.org.au/diy-dads/).

These diverse programs target specific demographics within the community, fostering long-term stability and empowering individuals, thereby making a significant positive impact on the local population.","Yes, Hobart City Mission does offer case management support as part of its service provisions. This type of support is integral to many of their housing programs, enabling clients to navigate their unique challenges effectively and access the services they require.

The scope of case management support entails:

- **Individualized Support**: Case managers work directly with clients to assess their needs, help them set and achieve goals, and connect them with the necessary resources, including mental health services, education, and employment assistance.
- **Programs that Include Case Management**:
   - Through the **Safe Space** program, case managers provide support such as referrals to mental health services, assistance with finding permanent housing, and personalized care. 
   - The **Small Steps** and **DIY Dads** programs also incorporate case management to help participants develop life skills and receive ongoing emotional and practical support.

The qualified staff providing this support typically include social workers, housing support workers, and community service professionals who possess training in crisis intervention, conflict resolution, and social services advocacy. 

You can read more about the case management services provided by HCM at their [Housing and Family Support](https://hobartcitymission.org.au/housing-and-family-support/) page.","The case management provided by Hobart City Mission is primarily ongoing rather than time-limited. This continuous support framework is crucial for clients who often require sustained guidance to achieve lasting stability. 

Examples of how ongoing support is delivered include:
- **Regular Check-ins**: Case managers maintain consistent communication with clients to monitor their progress, reassess their needs, and adjust their action plans accordingly.
- **Skill Development Workshops**: HCM offers workshops that focus on developing essential skills such as budgeting, resume writing, and interview preparation, which are vital for long-term independence.
- **Advocacy**: Case managers advocate on behalf of clients, working to navigate complex systems (e.g., housing services, social security) that clients may face barriers in accessing.

The impact of this ongoing support is reflected in the significant positive changes seen in clients’ circumstances, as those who engage with their case managers are more likely to secure stable housing, achieve self-sufficiency, and improve their overall mental health and well-being.","In addition to housing and case management, Hobart City Mission offers various forms of wrap-around support to ensure holistic assistance to clients. This includes:

- **Emotional and Mental Health Services**: HCM provides counseling and mental health support through trained professionals, aiding clients in addressing trauma and stressors that may contribute to their circumstances. For more information, you may visit their [Counseling service](https://hobartcitymission.org.au/counselling/).
  
- **Food and Financial Assistance**: The emergency relief program offers food packs, vouchers, and financial assistance for individuals facing immediate crises, which complements housing support by addressing basic needs first. More about this can be found on their [Emergency Relief](https://hobartcitymission.org.au/emergency-assistance/) page.

- **Community Engagement Activities**: HCM facilitates various community-focused initiatives—such as social events and workshops—that foster connections among residents and help reduce social isolation.

- **Partnerships and Collaborations**: HCM collaborates with organizations like SANE Australia to provide online support forums for individuals affected by mental health issues, enhancing their services through additional networks and expertise. Further details about these partnerships can be explored under their [Community Engagement](https://hobartcitymission.org.au/community-engagement/) initiatives.","Hobart City Mission actively engages with a range of key partners across the government, charity, and corporate sectors to enhance its services and reach within the community. Partnerships include:

1. **Government Partnerships**: Collaborations with local and state governmental bodies to receive funding and support for various programs, including the Safe Space and Emergency Relief initiatives, are essential in meeting the immediate needs of clients.

2. **Charity Partnerships**: HCM works closely with organizations like The Salvation Army and Colony 47, aiding in resource sharing, joint events, and coordinated service delivery. This helps streamline support for individuals seeking help and expands the reach of their services.

3. **Corporate Collaborations**: HCM engages with businesses in partnerships that promote community involvement, including fundraising events and in-kind donations, which contribute crucial resources required for ongoing programs. Indications of such partnerships can often be found in their [Corporate Partner](https://hobartcitymission.org.au/become-a-corporate-partner/) sections.

These partnerships are mutually beneficial, aligning with HCM's mission to create resilience within the local communities, ensure adequate support systems for vulnerable populations, and escalate the effectiveness of their programs through collaborative efforts.","Yes, Hobart City Mission acknowledges its financial supporters and outlines how contributions impact its programs. The organization emphasizes the importance of donations in maintaining and expanding initiatives that support vulnerable individuals in Southern Tasmania.

Hobart City Mission recognizes its supporters through various means:
- **Donor Recognition**: Public acknowledgments and thank you messages are often shared in newsletters, events, and social media to highlight the difference that contributions make in the lives of individuals and families.
  
- **Impact Reporting**: They produce periodic reports and updates, detailing how funds have been utilized and the outcomes achieved for beneficiaries. This transparency builds trust and encourages ongoing support.

- **Campaigns and Initiatives**: Specific fundraising campaigns, such as the Sleep Rough event which raised over $200,000 in recent years, spotlight community efforts to support the mission's work while recognizing the collective contributions of all involved.

For explicit examples of campaigns and the recognition of financial supporters, you can check their donations and fundraising sections at [Donate](https://hobartcitymission.org.au/donate-now/) and [Events](https://hobartcitymission.org.au/events/). 

By maintaining this open dialogue with supporters, Hobart City Mission ensures that the community understands the importance of their generosity and the tangible impacts on those in need."
https://hobartcitymission.org.au/safe-spaces/,"The Hobart City Mission (HCM) is a charitable organization based in Hobart, Tasmania, dedicated to serving vulnerable populations, particularly those experiencing homelessness and requiring social support. Established to address various social issues, HCM focuses on enhancing community well-being through a wide range of programs and services. Its mission is to provide practical help to those in need, ensuring that everyone receives the support and care they require to lead fulfilling lives.

The organization was founded out of a response to the growing need for social support services in Tasmania and has since been intricately woven into the fabric of the local community. HCM operates with a commitment to the values of compassion, respect, and inclusivity. This mission reflects a holistic approach, aiming not only to alleviate immediate needs but also to foster sustainable pathways for individuals and families to regain stability and dignity. For more history about Hobart City Mission, visit their page on history [here](https://hobartcitymission.org.au/who-is-hcm/#our-history).

Key areas of focus for HCM include homelessness support, disability services, food and financial assistance, mental health support, and family services. One of the distinctive aspects of HCM's work is their multidisciplinary approach—integrating housing support with other services such as case management, counseling, and community engagement. This synergy helps to build lasting change for individuals and equips them with the necessary tools for overcoming adversity.

By addressing complex social issues through a comprehensive support framework, the Hobart City Mission significantly impacts the community, providing essential services that often go beyond what other organizations offer. They not only support immediate needs but also engage in long-term community development through initiatives like the Safe Space program, which aims to provide a secure environment for those experiencing homelessness. More on the community impact can be explored on their website under the ""How You Can Help"" section at [Hobart City Mission](https://hobartcitymission.org.au/help).","Yes, the Hobart City Mission serves as a housing provider. Housing is a critical component of their broader mission to support vulnerable populations and facilitate pathways to stability. The organization recognizes that stable housing forms the foundation for individuals and families to rebuild their lives, access essential services, and reintegrate into the community successfully.

HCM’s approach to housing is multifaceted, focusing on both immediate shelter needs and longer-term housing solutions. By functioning as a housing provider, HCM is able to assist individuals escaping homelessness, providing them with not just a roof over their heads, but also a supportive environment that encourages personal empowerment and growth. More details on their housing services can be found on their housing support page [here](https://hobartcitymission.org.au/housing-support).","The Hobart City Mission provides a variety of housing services tailored to different needs, specifically focused on temporary, crisis, and long-term housing solutions. 

**2.1 Temporary Housing Services:** HCM operates the Safe Space program, which includes Safe Day Space and Safe Night Space offerings. 

- **Safe Day Space**: Located at the HCM offices at 50 Barrack St, this facility is accessible daily from 8 AM to 6 PM. It serves as a hub for individuals seeking connection, meals, or access to service providers. There’s no appointment necessary, and the Day Space facilitated 1,466 instances of support for individuals in need since its inception. 

- **Safe Night Space**: Operating from 6 PM to 8 AM every night at a designated location at 47 Davey St, Safe Night Space provides safe sleeping accommodations for 35 individuals. Access is by referral only through Housing Connect, highlighting the importance of collaborative connections with other services (phone: 1800 800 588) for effective client support.

**2.2 Crisis Accommodation**: HCM's crisis accommodation aims to cater to individuals experiencing immediate homelessness. The Safe Space has offered over 11,878 bed nights since its launch in December 2019, showcasing its capacity to address urgent needs effectively.

**2.3 Long-term Housing Solutions**: HCM perennially advocates for housing stability. Programs like ""Coming Home"" focus on transitioning individuals from emergency accommodations to more permanent living situations, emphasizing HCM's belief in dignity and security as essential components of housing support.

The statistics and structure of these programs reflect HCM's dedication to improving housing conditions for the most vulnerable, aiming to promote long-term stability, as detailed on their housing services page [here](https://hobartcitymission.org.au/safe-spaces/#services).","Yes, Hobart City Mission provides case management support as an integral part of its services. This support is crucial for helping individuals navigate the complex challenges associated with homelessness and social marginalization.

**Case Management Scope and Programs**: Case management at HCM is embedded within several programs, including the Safe Space initiative. Staff members act as resource coordinators, working collaboratively with clients to create personalized care plans. This support may encompass housing referrals, employment guidance, mental health counseling, and connections to other community services.

**Staff Qualifications**: The case management team comprises trained social workers and community service professionals possessing the necessary qualifications and experience to provide comprehensive support to clients. Their involvement ensures that clients are not only given immediate assistance but also receive the ongoing guidance required to foster personal growth and self-sufficiency.

For further information about the support services, you can visit their webpage on counseling and mental health support [here](https://hobartcitymission.org.au/counselling-mental-health-support).","The case management support offered by Hobart City Mission is tailored to be ongoing rather than strictly time-limited. This ongoing support is pivotal in enabling clients to achieve long-term stability. 

**Delivery of Ongoing Support**: Clients often receive regular check-ins and follow-ups from their assigned case managers. This may include both in-person meetings at Safe Space and virtual check-ins to assess progress and address emerging needs. 

**Impact on Long-term Stability**: Such continuous support allows clients to build trust with their case managers, facilitating stronger relationships that encourage them to engage more deeply with available resources over time. Evidence from HCM indicates that individuals receiving ongoing support are significantly more likely to transition into stable housing situations and maintain self-sufficiency—an important metric in evaluating program success. You can read more about their ongoing support strategies [here](https://hobartcitymission.org.au/housing-support).","In addition to housing and case management, Hobart City Mission offers a variety of wrap-around services that contribute to the well-being of their clients. These services include:

- **Counseling and Mental Health Support**: Through qualified professionals, HCM offers therapeutic services that address mental health challenges, which may often accompany issues of homelessness.
- **Food and Financial Help**: The organization runs programs that provide vital food supplies and financial assistance, enabling individuals and families to meet their immediate nutritional and economic needs.
- **Disability Services**: HCM is committed to supporting individuals with disabilities through tailored programs that promote inclusive participation in community life.

These services are designed to complement the housing programs, ensuring that clients receive holistic support. Partnerships with organizations such as The Salvation Army enhance these offerings, providing a more comprehensive framework for assistance. To learn more about their diverse services, visit [Hobart City Mission](https://hobartcitymission.org.au) for detailed information.","Hobart City Mission collaborates with various partners across government, charity, and corporate sectors to enhance their service delivery and reach a wider audience. Key partnerships include:

- **The Salvation Army**: This collaboration is pivotal for the Safe Space program, integrating HCM's facilities with The Salvation Army's support networks to enhance service availability.
  
- **Housing Connect**: A crucial referral service that assists individuals in accessing emergency housing services through prescribed agencies.

- **Government Agencies**: HCM's funding, particularly for the Safe Space program, comes from state government allocations, which further solidifies its role as a community safety net.

These partnerships ensure that HCM can offer comprehensive support tailored to the needs of those facing homelessness. The collaboration enhances not only resource sharing but also strategic planning for community needs alignment.","Hobart City Mission acknowledges its financial supporters openly, which is critical for sustaining its various programs and initiatives. The organization runs transparency campaigns that highlight donor contributions and the specific impact those contributions have on its programs. 

**Acknowledgment Process**: HCM provides updates to its supporters through newsletters, annual reports, and specialized campaigns, such as their winter appeals or fundraising events.

**Impact of Contributions**: The funds collected through these donations directly support services such as Emergency Relief, housing initiatives through the Safe Space program, and day-to-day operational costs. Examples of effective campaigns or donor recognition efforts can be found in their news updates on their website [here](https://hobartcitymission.org.au/news).

Overall, Hobart City Mission exemplifies a robust community organization that plays a crucial role in addressing homelessness and providing holistic support services in the region. Their approach, rooted in collaboration, evidenced outcomes, and sustained engagement, serves as a model for similar organizations aiming to make a significant impact in their communities."
